{"train_accuracy": 1.981411099433899, "train_loss": 8.830942533677444e-05, "_timestamp": 1663487430.2630486, "_runtime": 15.757031679153442, "_step": 0, "_wandb": {"runtime": 15}}