{"train_accuracy": 0.9999991059303284, "train_loss": 6.724130230395531e-07, "_timestamp": 1663487643.1556523, "_runtime": 67.61475539207458, "_step": 4, "_wandb": {"runtime": 67}}