{"train_accuracy": 0.9999991059303284, "train_loss": 6.724130230395531e-07, "_timestamp": 1663492867.5592103, "_runtime": 64.31906723976135, "_step": 4, "_wandb": {"runtime": 63}}