{"train_accuracy": 0.9813730120658875, "train_loss": 8.830942533677444e-05, "_timestamp": 1663486953.3587623, "_runtime": 17.236858367919922, "_step": 0, "_wandb": {"runtime": 16}}