{"train_accuracy": 0.9813730120658875, "train_loss": 8.830942533677444e-05, "_timestamp": 1663486886.5270133, "_runtime": 15.840393304824829, "_step": 0, "_wandb": {"runtime": 15}}