{"train_accuracy": 0.9999991059303284, "train_loss": 6.724130230395531e-07, "_timestamp": 1663493222.4619474, "_runtime": 61.712151527404785, "_step": 4, "_wandb": {"runtime": 81}}